INSERT INTO app_user (id, username, email, password_hash, date_joined) VALUES
('6ca7de68-de98-4d1e-b304-c01660a1654b', 'TestGebruiker1', 'test1@fitkit.com', '$2a$10$fakehash01', '2025-03-10'),
('6cdf73f6-2dd6-4b49-9bfb-6edf4d44dc0c', 'TestGebruiker2', 'test2@fitkit.com', '$2a$10$fakehash02', '2025-03-09');

INSERT INTO language (code, name) VALUES
('nl-NL', 'Nederlands'),
('en-GB', 'English (UK)'),
('en-US', 'English (US)'),
('fr-FR', 'Français'),
('de-DE', 'Deutsch'),
('es-ES', 'Español'),
('it-IT', 'Italiano'),
('pl-PL', 'Polski');

INSERT INTO exercise (id, met_value, primary_muscle_group) VALUES
('ex-bench-press', 6.0, 'Chest'),
('ex-overhead-press', 5.0, 'Shoulders'),
('ex-running', 8.0, 'Cardio');

INSERT INTO exercise_translation (exercise_id, language_code, name, description, instructions) VALUES
('ex-bench-press', 'nl-NL', 'Bankdrukken', 'Een basisoefening voor de borstspieren.', 'Ga op een platte bank liggen, pak de stang vast en laat deze gecontroleerd zakken tot je borst. Druk de stang daarna krachtig omhoog.'),
('ex-bench-press', 'en-US', 'Bench Press', 'A foundational exercise for the chest muscles.', 'Lie on a flat bench, grasp the bar, and lower it to your chest in a controlled manner. Then, press the bar up powerfully.'),
('ex-running', 'nl-NL', 'Hardlopen', 'Cardiovasculaire training voor uithoudingsvermogen.', 'Loop op een constant tempo. Houd je rug recht en kijk vooruit.'),
('ex-running', 'en-US', 'Running', 'Cardiovascular training for endurance.', 'Run at a steady pace. Keep your back straight and look forward.');

INSERT INTO user_metric (id, user_id, date_recorded, body_weight_kg, height_cm) VALUES
('metric-1', '6ca7de68-de98-4d1e-b304-c01660a1654b', '2023-05-01', 80.5, 180);

INSERT INTO category (id) VALUES
('VITAMIN'),
('MINERAL'),
('SUPPLEMENT'),
('MACRONUTRIENT'),
('PRODUCE'),
('PROCESSED_FOOD'),
('ULTRA_PROCESSED_FOOD'),
('MEAL'),
('DRINK'),
('SEASONING'),
('FRUIT'),
('VEGETABLE'),
('PROTEIN_SOURCE'),
('UNKNOWN');

INSERT INTO category_translation (category_id, language_code, name) VALUES
('VITAMIN', 'nl-NL', 'Vitamine'),
('VITAMIN', 'en-GB', 'Vitamin'),
('VITAMIN', 'en-US', 'Vitamin'),
('VITAMIN', 'fr-FR', 'Vitamine'),
('VITAMIN', 'de-DE', 'Vitamin'),
('VITAMIN', 'es-ES', 'Vitamina'),
('VITAMIN', 'it-IT', 'Vitamina'),
('VITAMIN', 'pl-PL', 'Witamina'),
('MINERAL', 'nl-NL', 'Mineraal'),
('MINERAL', 'en-GB', 'Mineral'),
('MINERAL', 'en-US', 'Mineral'),
('MINERAL', 'fr-FR', 'Minéral'),
('MINERAL', 'de-DE', 'Mineral'),
('MINERAL', 'es-ES', 'Mineral'),
('MINERAL', 'it-IT', 'Minerale'),
('MINERAL', 'pl-PL', 'Minerał'),
('SUPPLEMENT', 'nl-NL', 'Supplement'),
('SUPPLEMENT', 'en-GB', 'Supplement'),
('SUPPLEMENT', 'en-US', 'Supplement'),
('SUPPLEMENT', 'fr-FR', 'Supplément'),
('SUPPLEMENT', 'de-DE', 'Ergänzung'),
('SUPPLEMENT', 'es-ES', 'Suplemento'),
('SUPPLEMENT', 'it-IT', 'Integratore'),
('SUPPLEMENT', 'pl-PL', 'Suplement'),
('MACRONUTRIENT', 'nl-NL', 'Macronutriënt'),
('MACRONUTRIENT', 'en-GB', 'Macronutrient'),
('MACRONUTRIENT', 'en-US', 'Macronutrient'),
('MACRONUTRIENT', 'fr-FR', 'Macronutriment'),
('MACRONUTRIENT', 'de-DE', 'Makronährstoff'),
('MACRONUTRIENT', 'es-ES', 'Macronutriente'),
('MACRONUTRIENT', 'it-IT', 'Macronutriente'),
('MACRONUTRIENT', 'pl-PL', 'Makroskładnik odżywczy'),
('PRODUCE', 'nl-NL', 'Versproduct'),
('PRODUCE', 'en-GB', 'Produce'),
('PRODUCE', 'en-US', 'Produce'),
('PRODUCE', 'fr-FR', 'Produit frais'),
('PRODUCE', 'de-DE', 'Frischware'),
('PRODUCE', 'es-ES', 'Producto fresco'),
('PRODUCE', 'it-IT', 'Prodotto fresco'),
('PRODUCE', 'pl-PL', 'Świeży produkt'),
('PROCESSED_FOOD', 'nl-NL', 'Verwerkt voedsel'),
('PROCESSED_FOOD', 'en-GB', 'Processed Food'),
('PROCESSED_FOOD', 'en-US', 'Processed Food'),
('PROCESSED_FOOD', 'fr-FR', 'Aliment transformé'),
('PROCESSED_FOOD', 'de-DE', 'Verarbeitetes Lebensmittel'),
('PROCESSED_FOOD', 'es-ES', 'Alimento procesado'),
('PROCESSED_FOOD', 'it-IT', 'Cibo trasformato'),
('PROCESSED_FOOD', 'pl-PL', 'Przetworzona żywność'),
('ULTRA_PROCESSED_FOOD', 'nl-NL', 'Ultra verwerkt voedsel'),
('ULTRA_PROCESSED_FOOD', 'en-GB', 'Ultra-processed Food'),
('ULTRA_PROCESSED_FOOD', 'en-US', 'Ultra-processed Food'),
('ULTRA_PROCESSED_FOOD', 'fr-FR', 'Aliment ultra-transformé'),
('ULTRA_PROCESSED_FOOD', 'de-DE', 'Ultra-verarbeitetes Lebensmittel'),
('ULTRA_PROCESSED_FOOD', 'es-ES', 'Alimento ultraprocesado'),
('ULTRA_PROCESSED_FOOD', 'it-IT', 'Cibo ultraprocessato'),
('ULTRA_PROCESSED_FOOD', 'pl-PL', 'Żywność ultraprzetworzona'),
('MEAL', 'nl-NL', 'Maaltijd'),
('MEAL', 'en-GB', 'Meal'),
('MEAL', 'en-US', 'Meal'),
('MEAL', 'fr-FR', 'Repas'),
('MEAL', 'de-DE', 'Mahlzeit'),
('MEAL', 'es-ES', 'Comida'),
('MEAL', 'it-IT', 'Pasto'),
('MEAL', 'pl-PL', 'Posiłek'),
('DRINK', 'nl-NL', 'Drank'),
('DRINK', 'en-GB', 'Drink'),
('DRINK', 'en-US', 'Drink'),
('DRINK', 'fr-FR', 'Boisson'),
('DRINK', 'de-DE', 'Getränk'),
('DRINK', 'es-ES', 'Bebida'),
('DRINK', 'it-IT', 'Bevanda'),
('DRINK', 'pl-PL', 'Napój'),
('SEASONING', 'nl-NL', 'Kruiden'),
('SEASONING', 'en-GB', 'Seasoning'),
('SEASONING', 'en-US', 'Seasoning'),
('SEASONING', 'fr-FR', 'Assaisonnement'),
('SEASONING', 'de-DE', 'Gewürz'),
('SEASONING', 'es-ES', 'Condimento'),
('SEASONING', 'it-IT', 'Condimento'),
('SEASONING', 'pl-PL', 'Przyprawa'),
('FRUIT', 'nl-NL', 'Fruit'),
('FRUIT', 'en-GB', 'Fruit'),
('FRUIT', 'en-US', 'Fruit'),
('FRUIT', 'fr-FR', 'Fruit'),
('FRUIT', 'de-DE', 'Frucht'),
('FRUIT', 'es-ES', 'Fruta'),
('FRUIT', 'it-IT', 'Frutta'),
('FRUIT', 'pl-PL', 'Owoc'),
('VEGETABLE', 'nl-NL', 'Groente'),
('VEGETABLE', 'en-GB', 'Vegetable'),
('VEGETABLE', 'en-US', 'Vegetable'),
('VEGETABLE', 'fr-FR', 'Légume'),
('VEGETABLE', 'de-DE', 'Gemüse'),
('VEGETABLE', 'es-ES', 'Verdura'),
('VEGETABLE', 'it-IT', 'Ortaggio'),
('VEGETABLE', 'pl-PL', 'Warzywo'),
('PROTEIN_SOURCE', 'nl-NL', 'Eiwitbron'),
('PROTEIN_SOURCE', 'en-GB', 'Protein Source'),
('PROTEIN_SOURCE', 'en-US', 'Protein Source'),
('PROTEIN_SOURCE', 'fr-FR', 'Source de protéines'),
('PROTEIN_SOURCE', 'de-DE', 'Eiweißquelle'),
('PROTEIN_SOURCE', 'es-ES', 'Fuente de proteínas'),
('PROTEIN_SOURCE', 'it-IT', 'Fonte di proteine'),
('PROTEIN_SOURCE', 'pl-PL', 'Źródło białka'),
('UNKNOWN', 'nl-NL', 'Onbekend'),
('UNKNOWN', 'en-GB', 'Unknown'),
('UNKNOWN', 'en-US', 'Unknown'),
('UNKNOWN', 'fr-FR', 'Inconnu'),
('UNKNOWN', 'de-DE', 'Unbekannt'),
('UNKNOWN', 'es-ES', 'Desconocido'),
('UNKNOWN', 'it-IT', 'Sconosciuto'),
('UNKNOWN', 'pl-PL', 'Nieznany');

INSERT INTO unit (id) VALUES
('g'),
('ml'),
('iu'),
('stuk'),
('scoop'),
('portie'),
('teen');

INSERT INTO unit_translation (unit_id, language_code, name_singular, name_plural) VALUES
('g', 'nl-NL', 'gram', 'gram'),
('g', 'en-GB', 'gram', 'grams'),
('g', 'en-US', 'gram', 'grams'),
('g', 'fr-FR', 'gramme', 'grammes'),
('g', 'de-DE', 'Gramm', 'Gramm'),
('g', 'es-ES', 'gramo', 'gramos'),
('g', 'it-IT', 'grammo', 'grammi'),
('g', 'pl-PL', 'gram', 'gramy'),
('ml', 'nl-NL', 'milliliter', 'milliliter'),
('ml', 'en-GB', 'milliliter', 'milliliters'),
('ml', 'en-US', 'milliliter', 'milliliters'),
('ml', 'fr-FR', 'millilitre', 'millilitres'),
('ml', 'de-DE', 'Milliliter', 'Milliliter'),
('ml', 'es-ES', 'mililitro', 'mililitros'),
('ml', 'it-IT', 'millilitro', 'millilitri'),
('ml', 'pl-PL', 'mililitr', 'mililitry'),
('iu', 'nl-NL', 'IE', 'IE'),
('iu', 'en-GB', 'IU', 'IU'),
('iu', 'en-US', 'IU', 'IU'),
('iu', 'fr-FR', 'UI', 'UI'),
('iu', 'de-DE', 'IE', 'IE'),
('iu', 'es-ES', 'UI', 'UI'),
('iu', 'it-IT', 'UI', 'UI'),
('iu', 'pl-PL', 'IU', 'IU'),
('stuk', 'nl-NL', 'stuk', 'stuks'),
('stuk', 'en-GB', 'piece', 'pieces'),
('stuk', 'en-US', 'piece', 'pieces'),
('stuk', 'fr-FR', 'pièce', 'pièces'),
('stuk', 'de-DE', 'Stück', 'Stücke'),
('stuk', 'es-ES', 'pieza', 'piezas'),
('stuk', 'it-IT', 'pezzo', 'pezzi'),
('stuk', 'pl-PL', 'sztuka', 'sztuki'),
('scoop', 'nl-NL', 'schep', 'scheppen'),
('scoop', 'en-GB', 'scoop', 'scoops'),
('scoop', 'en-US', 'scoop', 'scoops'),
('scoop', 'fr-FR', 'cuillère', 'cuillères'),
('scoop', 'de-DE', 'Messlöffel', 'Messlöffel'),
('scoop', 'es-ES', 'cucharada', 'cucharadas'),
('scoop', 'it-IT', 'misurino', 'misurini'),
('scoop', 'pl-PL', 'miarka', 'miarki'),
('portie', 'nl-NL', 'portie', 'porties'),
('portie', 'en-GB', 'serving', 'servings'),
('portie', 'en-US', 'serving', 'servings'),
('portie', 'fr-FR', 'portion', 'portions'),
('portie', 'de-DE', 'Portion', 'Portionen'),
('portie', 'es-ES', 'porción', 'porciones'),
('portie', 'it-IT', 'porzione', 'porzioni'),
('portie', 'pl-PL', 'porcja', 'porcje'),
('teen', 'nl-NL', 'teen', 'tenen'),
('teen', 'en-GB', 'clove', 'cloves'),
('teen', 'en-US', 'clove', 'cloves'),
('teen', 'fr-FR', 'gousse', 'gousses'),
('teen', 'de-DE', 'Zehe', 'Zehen'),
('teen', 'es-ES', 'diente', 'dientes'),
('teen', 'it-IT', 'spicchio', 'spicchi'),
('teen', 'pl-PL', 'ząbek', 'ząbki');










