INSERT INTO ingredient (id, default_unit_id) VALUES
('ing-pro-banaan', 'stuk'),
('ing-pro-kip', 'g'),
('ing-pro-komkommer', 'stuk'),
('ing-pro-ui', 'stuk'),
('ing-pro-knoflook', 'teen'),
('ing-pro-aardappel', 'g'),
('ing-pro-tomaat', 'stuk'),
('ing-pro-wortel', 'stuk'),
('ing-pro-ei', 'stuk'),
('ing-pro-chilipeper', 'stuk'),
('ing-sea-paprikapoeder', 'g'),
('ing-sea-knoflookpoeder', 'g'),
('ing-sea-zout', 'g'),
('ing-sea-zwartepeper', 'g'),
('ing-vit-d3', 'iu'),
('ing-sup-creatine', 'g'),
('ing-min-kalium', 'g'),
('ing-min-ijzer', 'g'),
('ing-vit-vitamine-a', 'iu'),
('ing-sup-beta-alanine', 'g'),
('ing-pro-rijst', 'g'),
('ing-pro-olie', 'ml'),
('ing-suiker', 'g'),
('ing-mac-maïszetmeel', 'g'),
('ing-pro-boter', 'g'),
('ing-pro-tarwebloem', 'g'),
('ing-pro-kaas', 'g'),
('ing-pro-zonnebloemolie', 'ml'),
('ing-macro-whey', 'g'),
('ing-mac-dextrose', 'g'),
('ing-mac-soja-eiwit', 'g'),
('ing-pro-bouillon', 'ml');

INSERT INTO ingredient_category (ingredient_id, category_id) VALUES
('ing-pro-banaan', 'PRODUCE'),
('ing-pro-banaan', 'FRUIT'),
('ing-pro-kip', 'PRODUCE'),
('ing-pro-kip', 'PROTEIN_SOURCE'),
('ing-pro-komkommer', 'PRODUCE'), ('ing-pro-komkommer', 'VEGETABLE'),
('ing-pro-ui', 'PRODUCE'), ('ing-pro-ui', 'VEGETABLE'),
('ing-pro-knoflook', 'PRODUCE'), ('ing-pro-knoflook', 'VEGETABLE'),
('ing-pro-aardappel', 'PRODUCE'), ('ing-pro-aardappel', 'VEGETABLE'),
('ing-pro-tomaat', 'PRODUCE'), ('ing-pro-tomaat', 'VEGETABLE'),
('ing-pro-wortel', 'PRODUCE'), ('ing-pro-wortel', 'VEGETABLE'),
('ing-pro-chilipeper', 'PRODUCE'), ('ing-pro-chilipeper', 'VEGETABLE'),
('ing-pro-ei', 'PRODUCE'),
('ing-pro-ei', 'PROTEIN_SOURCE'),
('ing-sea-paprikapoeder', 'SEASONING'),
('ing-sea-knoflookpoeder', 'SEASONING'),
('ing-sea-zout', 'SEASONING'),
('ing-sea-zwartepeper', 'SEASONING'),
('ing-vit-d3', 'VITAMIN'), ('ing-vit-d3', 'SUPPLEMENT'),
('ing-sup-creatine', 'SUPPLEMENT'),
('ing-min-kalium', 'MINERAL'),
('ing-min-ijzer', 'MINERAL'),
('ing-vit-vitamine-a', 'VITAMIN'),
('ing-sup-beta-alanine', 'SUPPLEMENT'),
('ing-pro-rijst', 'PROCESSED_FOOD'),
('ing-pro-olie', 'PROCESSED_FOOD'),
('ing-suiker', 'PROCESSED_FOOD'),
('ing-mac-maïszetmeel', 'PROCESSED_FOOD'),
('ing-pro-boter', 'PROCESSED_FOOD'),
('ing-pro-tarwebloem', 'PROCESSED_FOOD'),
('ing-pro-kaas', 'PROCESSED_FOOD'), ('ing-pro-kaas', 'PROTEIN_SOURCE'),
('ing-pro-zonnebloemolie', 'PROCESSED_FOOD'),
('ing-macro-whey', 'ULTRA_PROCESSED_FOOD'), ('ing-macro-whey', 'SUPPLEMENT'), ('ing-macro-whey', 'PROTEIN_SOURCE'),
('ing-mac-dextrose', 'ULTRA_PROCESSED_FOOD'),
('ing-mac-soja-eiwit', 'ULTRA_PROCESSED_FOOD'), ('ing-mac-soja-eiwit', 'PROTEIN_SOURCE'),
('ing-pro-bouillon', 'ULTRA_PROCESSED_FOOD');


INSERT INTO ingredient_translation (ingredient_id, language_code, name) VALUES
('ing-vit-d3', 'nl-NL', 'Vitamine D3'),
('ing-vit-d3', 'en-GB', 'Vitamin D3'),
('ing-vit-d3', 'en-US', 'Vitamin D3'),
('ing-vit-d3', 'fr-FR', 'Vitamine D3'),
('ing-vit-d3', 'de-DE', 'Vitamin D3'),
('ing-vit-d3', 'es-ES', 'Vitamina D3'),
('ing-vit-d3', 'it-IT', 'Vitamina D3'),
('ing-vit-d3', 'pl-PL', 'Witamina D3'),

('ing-sup-creatine', 'nl-NL', 'Creatine Monohydraat'),
('ing-sup-creatine', 'en-GB', 'Creatine Monohydrate'),
('ing-sup-creatine', 'en-US', 'Creatine Monohydrate'),
('ing-sup-creatine', 'fr-FR', 'Créatine monohydrate'),
('ing-sup-creatine', 'de-DE', 'Kreatinmonohydrat'),
('ing-sup-creatine', 'es-ES', 'Monohidrato de creatina'),
('ing-sup-creatine', 'it-IT', 'Creatina monoidrato'),
('ing-sup-creatine', 'pl-PL', 'Monohydrat kreatyny'),

('ing-pro-banaan', 'nl-NL', 'Banaan'),
('ing-pro-banaan', 'en-GB', 'Banana'),
('ing-pro-banaan', 'en-US', 'Banana'),
('ing-pro-banaan', 'fr-FR', 'Banane'),
('ing-pro-banaan', 'de-DE', 'Banane'),
('ing-pro-banaan', 'es-ES', 'Plátano'),
('ing-pro-banaan', 'it-IT', 'Banana'),
('ing-pro-banaan', 'pl-PL', 'Banan'),

('ing-pro-kip', 'nl-NL', 'Kipfilet'),
('ing-pro-kip', 'en-GB', 'Chicken Breast'),
('ing-pro-kip', 'en-US', 'Chicken Breast'),
('ing-pro-kip', 'fr-FR', 'Blanc de poulet'),
('ing-pro-kip', 'de-DE', 'Hähnchenbrust'),
('ing-pro-kip', 'es-ES', 'Pechuga de pollo'),
('ing-pro-kip', 'it-IT', 'Petto di pollo'),
('ing-pro-kip', 'pl-PL', 'Pierś z kurczaka'),

('ing-pro-rijst', 'nl-NL', 'Witte Rijst (ongekookt)'),
('ing-pro-rijst', 'en-GB', 'White Rice (uncooked)'),
('ing-pro-rijst', 'en-US', 'White Rice (uncooked)'),
('ing-pro-rijst', 'fr-FR', 'Riz blanc (non cuit)'),
('ing-pro-rijst', 'de-DE', 'Weißer Reis (ungekocht)'),
('ing-pro-rijst', 'es-ES', 'Arroz blanco (crudo)'),
('ing-pro-rijst', 'it-IT', 'Riso bianco (crudo)'),
('ing-pro-rijst', 'pl-PL', 'Biały ryż (surowy)'),

('ing-pro-olie', 'nl-NL', 'Olijfolie'),
('ing-pro-olie', 'en-GB', 'Olive Oil'),
('ing-pro-olie', 'en-US', 'Olive Oil'),
('ing-pro-olie', 'fr-FR', 'Huile d olive'),
('ing-pro-olie', 'de-DE', 'Olivenöl'),
('ing-pro-olie', 'es-ES', 'Aceite de oliva'),
('ing-pro-olie', 'it-IT', 'Olio d oliva'),
('ing-pro-olie', 'pl-PL', 'Oliwa z oliwek'),

('ing-macro-whey', 'nl-NL', 'Whey Proteïne'),
('ing-macro-whey', 'en-GB', 'Whey Protein'),
('ing-macro-whey', 'en-US', 'Whey Protein'),
('ing-macro-whey', 'fr-FR', 'Protéine de lactosérum'),
('ing-macro-whey', 'de-DE', 'Molkenprotein'),
('ing-macro-whey', 'es-ES', 'Proteína de suero'),
('ing-macro-whey', 'it-IT', 'Proteine del siero del latte'),
('ing-macro-whey', 'pl-PL', 'Białko serwatkowe'),

('ing-suiker', 'nl-NL', 'Suiker'),
('ing-suiker', 'en-GB', 'Sugar'),
('ing-suiker', 'en-US', 'Sugar'),
('ing-suiker', 'fr-FR', 'Sucre'),
('ing-suiker', 'de-DE', 'Zucker'),
('ing-suiker', 'es-ES', 'Azúcar'),
('ing-suiker', 'it-IT', 'Zucchero'),
('ing-suiker', 'pl-PL', 'Cukier'),

('ing-min-kalium', 'nl-NL', 'Kalium'),
('ing-min-kalium', 'en-GB', 'Potassium'),
('ing-min-kalium', 'en-US', 'Potassium'),
('ing-min-kalium', 'fr-FR', 'Potassium'),
('ing-min-kalium', 'de-DE', 'Kalium'),
('ing-min-kalium', 'es-ES', 'Potasio'),
('ing-min-kalium', 'it-IT', 'Potassio'),
('ing-min-kalium', 'pl-PL', 'Potas'),

('ing-sea-paprikapoeder', 'nl-NL', 'Paprikapoeder'),
('ing-sea-paprikapoeder', 'en-GB', 'Paprika'),
('ing-sea-paprikapoeder', 'en-US', 'Paprika'),
('ing-sea-paprikapoeder', 'fr-FR', 'Paprika'),
('ing-sea-paprikapoeder', 'de-DE', 'Paprikapulver'),
('ing-sea-paprikapoeder', 'es-ES', 'Pimentón'),
('ing-sea-paprikapoeder', 'it-IT', 'Paprika'),
('ing-sea-paprikapoeder', 'pl-PL', 'Papryka w proszku'),

('ing-min-ijzer', 'nl-NL', 'IJzer'),
('ing-min-ijzer', 'en-GB', 'Iron'),
('ing-min-ijzer', 'en-US', 'Iron'),
('ing-min-ijzer', 'fr-FR', 'Le fer'),
('ing-min-ijzer', 'de-DE', 'Eisen'),
('ing-min-ijzer', 'es-ES', 'Hierro'),
('ing-min-ijzer', 'it-IT', 'Ferro'),
('ing-min-ijzer', 'pl-PL', 'Żelazo'),

('ing-mac-maïszetmeel', 'nl-NL', 'Maïszetmeel'),
('ing-mac-maïszetmeel', 'en-GB', 'Corn starch'),
('ing-mac-maïszetmeel', 'en-US', 'Corn starch'),
('ing-mac-maïszetmeel', 'fr-FR', 'Amidon de maïs'),
('ing-mac-maïszetmeel', 'de-DE', 'Maisstärke'),
('ing-mac-maïszetmeel', 'es-ES', 'Almidón de maíz'),
('ing-mac-maïszetmeel', 'it-IT', 'Amido di mais'),
('ing-mac-maïszetmeel', 'pl-PL', 'Skrobia kukurydziana'),

('ing-pro-komkommer', 'nl-NL', 'Komkommer'),
('ing-pro-komkommer', 'en-GB', 'Cucumber'),
('ing-pro-komkommer', 'en-US', 'Cucumber'),
('ing-pro-komkommer', 'fr-FR', 'Concombre'),
('ing-pro-komkommer', 'de-DE', 'Gurke'),
('ing-pro-komkommer', 'es-ES', 'Pepino'),
('ing-pro-komkommer', 'it-IT', 'Cetriolo'),
('ing-pro-komkommer', 'pl-PL', 'Ogórek'),

('ing-vit-vitamine-a', 'nl-NL', 'Vitamine A'),
('ing-vit-vitamine-a', 'en-GB', 'Vitamin A'),
('ing-vit-vitamine-a', 'en-US', 'Vitamin A'),
('ing-vit-vitamine-a', 'fr-FR', 'Vitamine A'),
('ing-vit-vitamine-a', 'de-DE', 'Vitamin A'),
('ing-vit-vitamine-a', 'es-ES', 'Vitamina A'),
('ing-vit-vitamine-a', 'it-IT', 'Vitamina A'),
('ing-vit-vitamine-a', 'pl-PL', 'Witamina A'),

('ing-mac-dextrose', 'nl-NL', 'Dextrose'),
('ing-mac-dextrose', 'en-GB', 'Dextrose'),
('ing-mac-dextrose', 'en-US', 'Dextrose'),
('ing-mac-dextrose', 'fr-FR', 'Dextrose'),
('ing-mac-dextrose', 'de-DE', 'Traubenzucker'),
('ing-mac-dextrose', 'es-ES', 'Dextrosa'),
('ing-mac-dextrose', 'it-IT', 'Destrosio'),
('ing-mac-dextrose', 'pl-PL', 'Dekstroza'),

('ing-sup-beta-alanine', 'nl-NL', 'Beta-Alanine'),
('ing-sup-beta-alanine', 'en-GB', 'Beta-Alanine'),
('ing-sup-beta-alanine', 'en-US', 'Beta-Alanine'),
('ing-sup-beta-alanine', 'fr-FR', 'Bêta-alanine'),
('ing-sup-beta-alanine', 'de-DE', 'Beta-Alanin'),
('ing-sup-beta-alanine', 'es-ES', 'Beta-alanina'),
('ing-sup-beta-alanine', 'it-IT', 'Beta-alanina'),
('ing-sup-beta-alanine', 'pl-PL', 'Beta-alanina'),

('ing-sea-knoflookpoeder', 'nl-NL', 'Knoflookpoeder'),
('ing-sea-knoflookpoeder', 'en-GB', 'Garlic powder'),
('ing-sea-knoflookpoeder', 'en-US', 'Garlic powder'),
('ing-sea-knoflookpoeder', 'fr-FR', 'Ail en poudre'),
('ing-sea-knoflookpoeder', 'de-DE', 'Knoblauchpulver'),
('ing-sea-knoflookpoeder', 'es-ES', 'Ajo en polvo'),
('ing-sea-knoflookpoeder', 'it-IT', 'Aglio in polvere'),
('ing-sea-knoflookpoeder', 'pl-PL', 'Czosnek w proszku'),

('ing-mac-soja-eiwit', 'nl-NL', 'Soja-eiwit'),
('ing-mac-soja-eiwit', 'en-GB', 'Soy protein'),
('ing-mac-soja-eiwit', 'en-US', 'Soy protein'),
('ing-mac-soja-eiwit', 'fr-FR', 'Protéine de soja'),
('ing-mac-soja-eiwit', 'de-DE', 'Sojaprotein'),
('ing-mac-soja-eiwit', 'es-ES', 'Proteína de soja'),
('ing-mac-soja-eiwit', 'it-IT', 'Proteine della soia'),
('ing-mac-soja-eiwit', 'pl-PL', 'Białko sojowe'),

('ing-sea-zout', 'nl-NL', 'Zout'),
('ing-sea-zout', 'en-GB', 'Salt'),
('ing-sea-zout', 'en-US', 'Salt'),
('ing-sea-zout', 'fr-FR', 'Sel'),
('ing-sea-zout', 'de-DE', 'Salz'),
('ing-sea-zout', 'es-ES', 'Sal'),
('ing-sea-zout', 'it-IT', 'Sale'),
('ing-sea-zout', 'pl-PL', 'Sól'),

('ing-pro-ui', 'nl-NL', 'Ui'),
('ing-pro-ui', 'en-GB', 'Onion'),
('ing-pro-ui', 'en-US', 'Onion'),
('ing-pro-ui', 'fr-FR', 'Oignon'),
('ing-pro-ui', 'de-DE', 'Zwiebel'),
('ing-pro-ui', 'es-ES', 'Cebolla'),
('ing-pro-ui', 'it-IT', 'Cipolla'),
('ing-pro-ui', 'pl-PL', 'Cebula'),

('ing-pro-knoflook', 'nl-NL', 'Knoflook'),
('ing-pro-knoflook', 'en-GB', 'Garlic'),
('ing-pro-knoflook', 'en-US', 'Garlic'),
('ing-pro-knoflook', 'fr-FR', 'Ail'),
('ing-pro-knoflook', 'de-DE', 'Knoblauch'),
('ing-pro-knoflook', 'es-ES', 'Ajo'),
('ing-pro-knoflook', 'it-IT', 'Aglio'),
('ing-pro-knoflook', 'pl-PL', 'Czosnek'),

('ing-sea-zwartepeper', 'nl-NL', 'Zwarte Peper'),
('ing-sea-zwartepeper', 'en-GB', 'Black Pepper'),
('ing-sea-zwartepeper', 'en-US', 'Black Pepper'),
('ing-sea-zwartepeper', 'fr-FR', 'Poivre noir'),
('ing-sea-zwartepeper', 'de-DE', 'Schwarzer Pfeffer'),
('ing-sea-zwartepeper', 'es-ES', 'Pimienta negra'),
('ing-sea-zwartepeper', 'it-IT', 'Pepe nero'),
('ing-sea-zwartepeper', 'pl-PL', 'Czarny pieprz'),

('ing-pro-bouillon', 'nl-NL', 'Bouillon'),
('ing-pro-bouillon', 'en-GB', 'Broth'),
('ing-pro-bouillon', 'en-US', 'Broth'),
('ing-pro-bouillon', 'fr-FR', 'Bouillon'),
('ing-pro-bouillon', 'de-DE', 'Brühe'),
('ing-pro-bouillon', 'es-ES', 'Caldo'),
('ing-pro-bouillon', 'it-IT', 'Brodo'),
('ing-pro-bouillon', 'pl-PL', 'Bulion'),

('ing-pro-boter', 'nl-NL', 'Boter'),
('ing-pro-boter', 'en-GB', 'Butter'),
('ing-pro-boter', 'en-US', 'Butter'),
('ing-pro-boter', 'fr-FR', 'Beurre'),
('ing-pro-boter', 'de-DE', 'Butter'),
('ing-pro-boter', 'es-ES', 'Mantequilla'),
('ing-pro-boter', 'it-IT', 'Burro'),
('ing-pro-boter', 'pl-PL', 'Masło'),

('ing-pro-aardappel', 'nl-NL', 'Aardappel'),
('ing-pro-aardappel', 'en-GB', 'Potato'),
('ing-pro-aardappel', 'en-US', 'Potato'),
('ing-pro-aardappel', 'fr-FR', 'Pomme de terre'),
('ing-pro-aardappel', 'de-DE', 'Kartoffel'),
('ing-pro-aardappel', 'es-ES', 'Patata'),
('ing-pro-aardappel', 'it-IT', 'Patata'),
('ing-pro-aardappel', 'pl-PL', 'Ziemniak'),

('ing-pro-tarwebloem', 'nl-NL', 'Tarwebloem'),
('ing-pro-tarwebloem', 'en-GB', 'Wheat Flour'),
('ing-pro-tarwebloem', 'en-US', 'Wheat Flour'),
('ing-pro-tarwebloem', 'fr-FR', 'Farine de blé'),
('ing-pro-tarwebloem', 'de-DE', 'Weizenmehl'),
('ing-pro-tarwebloem', 'es-ES', 'Harina de trigo'),
('ing-pro-tarwebloem', 'it-IT', 'Farina di frumento'),
('ing-pro-tarwebloem', 'pl-PL', 'Mąka pszenna'),

('ing-pro-tomaat', 'nl-NL', 'Tomaat'),
('ing-pro-tomaat', 'en-GB', 'Tomato'),
('ing-pro-tomaat', 'en-US', 'Tomato'),
('ing-pro-tomaat', 'fr-FR', 'Tomate'),
('ing-pro-tomaat', 'de-DE', 'Tomate'),
('ing-pro-tomaat', 'es-ES', 'Tomate'),
('ing-pro-tomaat', 'it-IT', 'Pomodoro'),
('ing-pro-tomaat', 'pl-PL', 'Pomidor'),

('ing-pro-wortel', 'nl-NL', 'Wortel'),
('ing-pro-wortel', 'en-GB', 'Carrot'),
('ing-pro-wortel', 'en-US', 'Carrot'),
('ing-pro-wortel', 'fr-FR', 'Carotte'),
('ing-pro-wortel', 'de-DE', 'Karotte'),
('ing-pro-wortel', 'es-ES', 'Zanahoria'),
('ing-pro-wortel', 'it-IT', 'Carota'),
('ing-pro-wortel', 'pl-PL', 'Marchew'),

('ing-pro-ei', 'nl-NL', 'Ei'),
('ing-pro-ei', 'en-GB', 'Egg'),
('ing-pro-ei', 'en-US', 'Egg'),
('ing-pro-ei', 'fr-FR', 'Œuf'),
('ing-pro-ei', 'de-DE', 'Ei'),
('ing-pro-ei', 'es-ES', 'Huevo'),
('ing-pro-ei', 'it-IT', 'Uovo'),
('ing-pro-ei', 'pl-PL', 'Jajko'),

('ing-pro-kaas', 'nl-NL', 'Kaas'),
('ing-pro-kaas', 'en-GB', 'Cheese'),
('ing-pro-kaas', 'en-US', 'Cheese'),
('ing-pro-kaas', 'fr-FR', 'Fromage'),
('ing-pro-kaas', 'de-DE', 'Käse'),
('ing-pro-kaas', 'es-ES', 'Queso'),
('ing-pro-kaas', 'it-IT', 'Formaggio'),
('ing-pro-kaas', 'pl-PL', 'Ser'),

('ing-pro-chilipeper', 'nl-NL', 'Chilipeper'),
('ing-pro-chilipeper', 'en-GB', 'Chilli Pepper'),
('ing-pro-chilipeper', 'en-US', 'Chili Pepper'),
('ing-pro-chilipeper', 'fr-FR', 'Piment'),
('ing-pro-chilipeper', 'de-DE', 'Chilischote'),
('ing-pro-chilipeper', 'es-ES', 'Chile'),
('ing-pro-chilipeper', 'it-IT', 'Peperoncino'),
('ing-pro-chilipeper', 'pl-PL', 'Papryczka chili'),

('ing-pro-zonnebloemolie', 'nl-NL', 'Zonnebloemolie'),
('ing-pro-zonnebloemolie', 'en-GB', 'Sunflower Oil'),
('ing-pro-zonnebloemolie', 'en-US', 'Sunflower Oil'),
('ing-pro-zonnebloemolie', 'fr-FR', 'Huile de tournesol'),
('ing-pro-zonnebloemolie', 'de-DE', 'Sonnenblumenöl'),
('ing-pro-zonnebloemolie', 'es-ES', 'Aceite de girasol'),
('ing-pro-zonnebloemolie', 'it-IT', 'Olio di semi di girasole'),
('ing-pro-zonnebloemolie', 'pl-PL', 'Olej słonecznikowy');